BEGIN;

INSERT INTO public.users_user (username, email, phone_number, first_name, last_name, password, is_superuser, is_staff, is_active, date_joined) VALUES ('testuser1', 'testuser1@example.com', '+79201111111', 'Ivan', 'Ivanov', 'TU951753tu', False, False, True, NOW());
INSERT INTO public.users_user (username, email, phone_number, first_name, last_name, password, is_superuser, is_staff, is_active, date_joined) VALUES ('testuser2', 'testuser2@example.com', '+79201111112', 'Petr', 'Petrov', 'TU951753tu', False, False, True, NOW());
INSERT INTO public.users_user (username, email, phone_number, first_name, last_name, password, is_superuser, is_staff, is_active, date_joined) VALUES ('testuser3', 'testuser3@example.com', '+79201111113', 'Anton', 'Antonov', 'TU951753tu', False, False, True, NOW());
INSERT INTO public.users_user (username, email, phone_number, first_name, last_name, password, is_superuser, is_staff, is_active, date_joined) VALUES ('testuser4', 'testuser4@example.com', '+79201111114', 'Boris', 'Borisov', 'TU951753tu', False, False, True, NOW());
INSERT INTO public.users_user (username, email, phone_number, first_name, last_name, password, is_superuser, is_staff, is_active, date_joined) VALUES ('testuser5', 'testuser5@example.com', '+79201111115', 'Aleksandr', 'Alekseev', 'TU951753tu', False, False, True, NOW());

INSERT INTO public.food_foodcategory (code, name, sort, is_active) VALUES ('PROTEIN_PRODUCTS', 'Белковое блюдо', 10, True);
INSERT INTO public.food_foodcategory (code, name, sort, is_active) VALUES ('WHOLE_GRAIN', 'Сложные угеводы', 20, True);
INSERT INTO public.food_foodcategory (code, name, sort, is_active) VALUES ('VEGETABLES', 'Овощи (клетчатка)', 30, True);
INSERT INTO public.food_foodcategory (code, name, sort, is_active) VALUES ('SOUP', 'Суп', 40, True);
INSERT INTO public.food_foodcategory (code, name, sort, is_active) VALUES ('DESERT', 'Десерт', 50, True);

INSERT INTO public.food_food (name, category_id, calories, protein, fat, carbohydrates, allergen) VALUES ('тушеная говядина с измельченным чесноком, имбирем и кунжутом', 'PROTEIN_PRODUCTS', 455.00 , 19.50 , 26.00 , 22.75 , True);
INSERT INTO public.food_food (name, category_id, calories, protein, fat, carbohydrates, allergen) VALUES ('рис с куркумой', 'WHOLE_GRAIN', 140.00 , 6.00 , 8.00 , 7.00 , True);
INSERT INTO public.food_food (name, category_id, calories, protein, fat, carbohydrates, allergen) VALUES ('овощное рагу и кимчи', 'VEGETABLES', 105.00 , 4.50 , 6.00 , 5.25 , False);
INSERT INTO public.food_food (name, category_id, calories, protein, fat, carbohydrates, allergen) VALUES ('свинина в сливочном соусе', 'PROTEIN_PRODUCTS', 435.50 , 17.55 , 25.35 , 27.30 , False);
INSERT INTO public.food_food (name, category_id, calories, protein, fat, carbohydrates, allergen) VALUES ('пюре', 'WHOLE_GRAIN', 134.00 , 5.40 , 7.80 , 8.40 , False);
INSERT INTO public.food_food (name, category_id, calories, protein, fat, carbohydrates, allergen) VALUES ('салат с красной/белокочанной капустой, сладким перцем и зеленью', 'VEGETABLES', 100.50 , 4.05 , 5.85 , 6.30 , False);
INSERT INTO public.food_food (name, category_id, calories, protein, fat, carbohydrates, allergen) VALUES ('гуляш из говядины с паприкой и томатным соусом', 'PROTEIN_PRODUCTS', 409.50 , 24.70 , 18.20 , 36.40 , False);
INSERT INTO public.food_food (name, category_id, calories, protein, fat, carbohydrates, allergen) VALUES ('отварной картофель со сметаной', 'WHOLE_GRAIN', 126.00 , 7.60 , 5.60 , 11.20 , False);
INSERT INTO public.food_food (name, category_id, calories, protein, fat, carbohydrates, allergen) VALUES ('витаминный салат', 'VEGETABLES', 94.50 , 5.70 , 4.20 , 8.40 , False);
INSERT INTO public.food_food (name, category_id, calories, protein, fat, carbohydrates, allergen) VALUES ('фарш с луком', 'PROTEIN_PRODUCTS', 390.00 , 22.75 , 22.75 , 23.40 , False);
INSERT INTO public.food_food (name, category_id, calories, protein, fat, carbohydrates, allergen) VALUES ('фасолью с грецкими орехами', 'WHOLE_GRAIN', 120.00 , 7.00 , 7.00 , 7.20 , True);
INSERT INTO public.food_food (name, category_id, calories, protein, fat, carbohydrates, allergen) VALUES ('салат с листьями салата, помидорами, красным луком, маринованными огурцами (+ майонез)', 'VEGETABLES', 90.00 , 5.25 , 5.25 , 5.40 , True);
INSERT INTO public.food_food (name, category_id, calories, protein, fat, carbohydrates, allergen) VALUES ('свинина', 'PROTEIN_PRODUCTS', 390.00 , 21.45 , 22.10 , 24.70 , False);
INSERT INTO public.food_food (name, category_id, calories, protein, fat, carbohydrates, allergen) VALUES ('картофельное пюре с соевым соусом', 'WHOLE_GRAIN', 120.00 , 6.60 , 6.80 , 7.60 , True);
INSERT INTO public.food_food (name, category_id, calories, protein, fat, carbohydrates, allergen) VALUES ('салат с капустой, редисом, листьями салата, огурцами (+ оливковое масло)', 'VEGETABLES', 90.00 , 4.95 , 5.10 , 5.70 , True);
INSERT INTO public.food_food (name, category_id, calories, protein, fat, carbohydrates, allergen) VALUES ('фрикадельки в томатном соусе', 'PROTEIN_PRODUCTS', 243.75 , 8.45 , 14.30 , 20.80 , False);
INSERT INTO public.food_food (name, category_id, calories, protein, fat, carbohydrates, allergen) VALUES ('макароны пенне (маленькая порция)', 'WHOLE_GRAIN', 75.00 , 2.60 , 4.40 , 6.40 , True);
INSERT INTO public.food_food (name, category_id, calories, protein, fat, carbohydrates, allergen) VALUES ('грузинский салат', 'VEGETABLES', 56.25 , 1.95 , 3.30 , 4.80 , False);
INSERT INTO public.food_food (name, category_id, calories, protein, fat, carbohydrates, allergen) VALUES ('стейк рибай со страчателлой и жареным чесноком', 'PROTEIN_PRODUCTS', 421.20 , 24.70 , 20.15 , 34.78 , False);
INSERT INTO public.food_food (name, category_id, calories, protein, fat, carbohydrates, allergen) VALUES ('рис с фасолью', 'WHOLE_GRAIN', 129.60 , 7.60 , 6.20 , 10.70 , False);
INSERT INTO public.food_food (name, category_id, calories, protein, fat, carbohydrates, allergen) VALUES ('смесь зеленых оливок, маринованной тыквы, желтого перца и свеклы', 'VEGETABLES', 97.20 , 5.70 , 4.65 , 8.03 , False);
INSERT INTO public.food_food (name, category_id, calories, protein, fat, carbohydrates, allergen) VALUES ('печень кролика', 'PROTEIN_PRODUCTS', 311.35 , 25.35 , 11.05 , 26.00 , False);
INSERT INTO public.food_food (name, category_id, calories, protein, fat, carbohydrates, allergen) VALUES ('гречка', 'WHOLE_GRAIN', 95.80 , 7.80 , 3.40 , 8.00 , False);
INSERT INTO public.food_food (name, category_id, calories, protein, fat, carbohydrates, allergen) VALUES ('смесь помидоров и кинзы', 'VEGETABLES', 71.85 , 5.85 , 2.55 , 6.00 , False);
INSERT INTO public.food_food (name, category_id, calories, protein, fat, carbohydrates, allergen) VALUES ('баварская сосиска', 'PROTEIN_PRODUCTS', 276.25 , 10.66 , 17.75 , 16.77 , False);
INSERT INTO public.food_food (name, category_id, calories, protein, fat, carbohydrates, allergen) VALUES ('фунчоза', 'WHOLE_GRAIN', 85.00 , 3.28 , 5.46 , 5.16 , False);
INSERT INTO public.food_food (name, category_id, calories, protein, fat, carbohydrates, allergen) VALUES ('смесь помидоров черри, помидоров и огурцов', 'VEGETABLES', 63.75 , 2.46 , 4.10 , 3.87 , False);
INSERT INTO public.food_food (name, category_id, calories, protein, fat, carbohydrates, allergen) VALUES ('пецень цыпленка', 'PROTEIN_PRODUCTS', 338.00 , 20.15 , 14.30 , 31.85 , False);
INSERT INTO public.food_food (name, category_id, calories, protein, fat, carbohydrates, allergen) VALUES ('макароны с соусом ткемали', 'WHOLE_GRAIN', 104.00 , 6.20 , 4.40 , 9.80 , True);
INSERT INTO public.food_food (name, category_id, calories, protein, fat, carbohydrates, allergen) VALUES ('витаминный салат (+ холодное масло авокадо)', 'VEGETABLES', 78.00 , 4.65 , 3.30 , 7.35 , False);
INSERT INTO public.food_food (name, category_id, calories, protein, fat, carbohydrates, allergen) VALUES ('свиная шейка с соусом тремали', 'PROTEIN_PRODUCTS', 511.55 , 16.90 , 39.00 , 23.40 , False);
INSERT INTO public.food_food (name, category_id, calories, protein, fat, carbohydrates, allergen) VALUES ('отварной/жареный картофель', 'WHOLE_GRAIN', 157.40 , 5.20 , 12.00 , 7.20 , False);
INSERT INTO public.food_food (name, category_id, calories, protein, fat, carbohydrates, allergen) VALUES ('капустный салат', 'VEGETABLES', 118.05 , 3.90 , 9.00 , 5.40 , True);
INSERT INTO public.food_food (name, category_id, calories, protein, fat, carbohydrates, allergen) VALUES ('телячий фарш с соусом аррабьята', 'PROTEIN_PRODUCTS', 369.20 , 20.87 , 20.67 , 24.12 , False);
INSERT INTO public.food_food (name, category_id, calories, protein, fat, carbohydrates, allergen) VALUES ('макароны пенне (средняя порция)', 'WHOLE_GRAIN', 113.60 , 6.42 , 6.36 , 7.42 , True);
INSERT INTO public.food_food (name, category_id, calories, protein, fat, carbohydrates, allergen) VALUES ('салат с помидорами черри, огурцами, листьями салата и семенами конопли (+ оливковое масло)', 'VEGETABLES', 85.20 , 4.82 , 4.77 , 5.57 , True);
INSERT INTO public.food_food (name, category_id, calories, protein, fat, carbohydrates, allergen) VALUES ('холодец', 'PROTEIN_PRODUCTS', 222.95 , 15.28 , 9.10 , 19.24 , True);
INSERT INTO public.food_food (name, category_id, calories, protein, fat, carbohydrates, allergen) VALUES ('лобио', 'WHOLE_GRAIN', 68.60 , 4.70 , 2.80 , 5.92 , True);
INSERT INTO public.food_food (name, category_id, calories, protein, fat, carbohydrates, allergen) VALUES ('салат из огурцов с соусом сулини', 'VEGETABLES', 51.45 , 3.53 , 2.10 , 4.44 , True);
INSERT INTO public.food_food (name, category_id, calories, protein, fat, carbohydrates, allergen) VALUES ('говяжья печень', 'PROTEIN_PRODUCTS', 312.65 , 30.94 , 11.70 , 18.59 , False);
INSERT INTO public.food_food (name, category_id, calories, protein, fat, carbohydrates, allergen) VALUES ('шампиньоны с фасолью', 'WHOLE_GRAIN', 96.20 , 9.52 , 3.60 , 5.72 , True);
INSERT INTO public.food_food (name, category_id, calories, protein, fat, carbohydrates, allergen) VALUES ('два вида салата из огурцов с салатной зеленью и кинзой (+оливковое масло)', 'VEGETABLES', 72.15 , 7.14 , 2.70 , 4.29 , True);
INSERT INTO public.food_food (name, category_id, calories, protein, fat, carbohydrates, allergen) VALUES ('мюнхенские колбаски с соусом аррабиата', 'PROTEIN_PRODUCTS', 475.80 , 21.78 , 22.56 , 45.44 , False);
INSERT INTO public.food_food (name, category_id, calories, protein, fat, carbohydrates, allergen) VALUES ('булгур', 'WHOLE_GRAIN', 146.40 , 6.70 , 6.94 , 13.98 , False);
INSERT INTO public.food_food (name, category_id, calories, protein, fat, carbohydrates, allergen) VALUES ('салат с помидорами черри, сладким перцем, шпинатом и семенами конопли (+ горчично-медовый соус)', 'VEGETABLES', 109.80 , 5.03 , 5.21 , 10.49 , True);
INSERT INTO public.food_food (name, category_id, calories, protein, fat, carbohydrates, allergen) VALUES ('карпаччо из индейки', 'PROTEIN_PRODUCTS', 332.80 , 28.34 , 13.65 , 23.01 , True);
INSERT INTO public.food_food (name, category_id, calories, protein, fat, carbohydrates, allergen) VALUES ('хлеб, дивеевский', 'WHOLE_GRAIN', 102.40 , 8.72 , 4.20 , 7.08 , True);
INSERT INTO public.food_food (name, category_id, calories, protein, fat, carbohydrates, allergen) VALUES ('салат с помидорами, огурцами и кунжутом (+оливковое масло)', 'VEGETABLES', 76.80 , 6.54 , 3.15 , 5.31 , True);
INSERT INTO public.food_food (name, category_id, calories, protein, fat, carbohydrates, allergen) VALUES ('куриные желудочки', 'PROTEIN_PRODUCTS', 311.35 , 24.51 , 15.80 , 17.42 , True);
INSERT INTO public.food_food (name, category_id, calories, protein, fat, carbohydrates, allergen) VALUES ('маш с томатным соусом и базиликом', 'WHOLE_GRAIN', 95.80 , 7.54 , 4.86 , 5.36 , False);
INSERT INTO public.food_food (name, category_id, calories, protein, fat, carbohydrates, allergen) VALUES ('салат с помидорами черри, огурцами, листьями салата и сыром фета (+ оливковое масло)', 'VEGETABLES', 71.85 , 5.66 , 3.65 , 4.02 , True);
INSERT INTO public.food_food (name, category_id, calories, protein, fat, carbohydrates, allergen) VALUES ('куриные сердечки', 'PROTEIN_PRODUCTS', 349.70 , 18.07 , 20.54 , 21.32 , False);
INSERT INTO public.food_food (name, category_id, calories, protein, fat, carbohydrates, allergen) VALUES ('картофельное пюре с луком', 'WHOLE_GRAIN', 107.60 , 5.56 , 6.32 , 6.56 , False);
INSERT INTO public.food_food (name, category_id, calories, protein, fat, carbohydrates, allergen) VALUES ('салат с огурцами, перцем, помидорами черри и луком (+ оливковое масло)', 'VEGETABLES', 80.70 , 4.17 , 4.74 , 4.92 , True);
INSERT INTO public.food_food (name, category_id, calories, protein, fat, carbohydrates, allergen) VALUES ('индейка с чесночным соусом', 'PROTEIN_PRODUCTS', 287.95 , 18.98 , 13.00 , 23.27 , False);
INSERT INTO public.food_food (name, category_id, calories, protein, fat, carbohydrates, allergen) VALUES ('картофель со сметаной', 'WHOLE_GRAIN', 88.60 , 5.84 , 4.00 , 7.16 , True);
INSERT INTO public.food_food (name, category_id, calories, protein, fat, carbohydrates, allergen) VALUES ('салат с капустой, морковью, грушей и луком', 'VEGETABLES', 66.45 , 4.38 , 3.00 , 5.37 , False);
INSERT INTO public.food_food (name, category_id, calories, protein, fat, carbohydrates, allergen) VALUES ('стейк', 'PROTEIN_PRODUCTS', 339.95 , 23.14 , 15.93 , 23.66 , False);
INSERT INTO public.food_food (name, category_id, calories, protein, fat, carbohydrates, allergen) VALUES ('отварной картофель без кожицы с соусом тартар', 'WHOLE_GRAIN', 104.60 , 7.12 , 4.90 , 7.28 , True);
INSERT INTO public.food_food (name, category_id, calories, protein, fat, carbohydrates, allergen) VALUES ('салат из помидоров черри с кинзой (+ оливковое масло)', 'VEGETABLES', 78.45 , 5.34 , 3.68 , 5.46 , True);
INSERT INTO public.food_food (name, category_id, calories, protein, fat, carbohydrates, allergen) VALUES ('телятина', 'PROTEIN_PRODUCTS', 339.95 , 21.97 , 17.10 , 23.79 , False);
INSERT INTO public.food_food (name, category_id, calories, protein, fat, carbohydrates, allergen) VALUES ('гречка с грибами', 'WHOLE_GRAIN', 104.60 , 6.76 , 5.26 , 7.32 , False);
INSERT INTO public.food_food (name, category_id, calories, protein, fat, carbohydrates, allergen) VALUES ('квашенная капуста и салатом из огурцов', 'VEGETABLES', 78.45 , 5.07 , 3.95 , 5.49 , True);
INSERT INTO public.food_food (name, category_id, calories, protein, fat, carbohydrates, allergen) VALUES ('курица в сливочно-грибном соусе', 'PROTEIN_PRODUCTS', 412.75 , 29.25 , 17.55 , 34.45 , False);
INSERT INTO public.food_food (name, category_id, calories, protein, fat, carbohydrates, allergen) VALUES ('макароны с сыром', 'WHOLE_GRAIN', 127.00 , 9.00 , 5.40 , 10.60 , False);
INSERT INTO public.food_food (name, category_id, calories, protein, fat, carbohydrates, allergen) VALUES ('витаминный салат (+ сок лимона/лайма)', 'VEGETABLES', 95.25 , 6.75 , 4.05 , 7.95 , False);
INSERT INTO public.food_food (name, category_id, calories, protein, fat, carbohydrates, allergen) VALUES ('куриная грудка тика-масала', 'PROTEIN_PRODUCTS', 299.00 , 26.00 , 7.80 , 31.20 , True);
INSERT INTO public.food_food (name, category_id, calories, protein, fat, carbohydrates, allergen) VALUES ('спагетти с томатным соусом', 'WHOLE_GRAIN', 92.00 , 8.00 , 2.40 , 9.60 , False);
INSERT INTO public.food_food (name, category_id, calories, protein, fat, carbohydrates, allergen) VALUES ('салат с помидорами черри, огурцами, листьями салата и луком (+ оливковое масло)', 'VEGETABLES', 69.00 , 6.00 , 1.80 , 7.20 , False);
INSERT INTO public.food_food (name, category_id, calories, protein, fat, carbohydrates, allergen) VALUES ('куриная грудка', 'PROTEIN_PRODUCTS', 292.50 , 24.70 , 12.35 , 20.15 , False);
INSERT INTO public.food_food (name, category_id, calories, protein, fat, carbohydrates, allergen) VALUES ('маш с кешью', 'WHOLE_GRAIN', 90.00 , 7.60 , 3.80 , 6.20 , False);
INSERT INTO public.food_food (name, category_id, calories, protein, fat, carbohydrates, allergen) VALUES ('смесь ростков сои, красной капусты и кешью (+ оливковое масло)', 'VEGETABLES', 67.50 , 5.70 , 2.85 , 4.65 , True);
INSERT INTO public.food_food (name, category_id, calories, protein, fat, carbohydrates, allergen) VALUES ('куриная грудка с яйцами', 'PROTEIN_PRODUCTS', 266.50 , 22.75 , 7.15 , 27.95 , False);
INSERT INTO public.food_food (name, category_id, calories, protein, fat, carbohydrates, allergen) VALUES ('рис с острым соусом', 'WHOLE_GRAIN', 82.00 , 7.00 , 2.20 , 8.60 , False);
INSERT INTO public.food_food (name, category_id, calories, protein, fat, carbohydrates, allergen) VALUES ('смесь ростков сои и красной капусты', 'VEGETABLES', 61.50 , 5.25 , 1.65 , 6.45 , True);
INSERT INTO public.food_food (name, category_id, calories, protein, fat, carbohydrates, allergen) VALUES ('куриные фрикадельки', 'PROTEIN_PRODUCTS', 409.50 , 31.20 , 18.85 , 27.95 , True);
INSERT INTO public.food_food (name, category_id, calories, protein, fat, carbohydrates, allergen) VALUES ('красная фасоль в томатном соусе', 'WHOLE_GRAIN', 126.00 , 9.60 , 5.80 , 8.60 , False);
INSERT INTO public.food_food (name, category_id, calories, protein, fat, carbohydrates, allergen) VALUES ('квашеная капуста и салат', 'VEGETABLES', 94.50 , 7.20 , 4.35 , 6.45 , False);
INSERT INTO public.food_food (name, category_id, calories, protein, fat, carbohydrates, allergen) VALUES ('куриные котлеты', 'PROTEIN_PRODUCTS', 282.75 , 25.35 , 12.35 , 16.90 , True);
INSERT INTO public.food_food (name, category_id, calories, protein, fat, carbohydrates, allergen) VALUES ('картофельное пюре с брокколи', 'WHOLE_GRAIN', 87.00 , 7.80 , 3.80 , 5.20 , False);
INSERT INTO public.food_food (name, category_id, calories, protein, fat, carbohydrates, allergen) VALUES ('салат со свеклой и грецкими орехами', 'VEGETABLES', 65.25 , 5.85 , 2.85 , 3.90 , True);
INSERT INTO public.food_food (name, category_id, calories, protein, fat, carbohydrates, allergen) VALUES ('лосось', 'PROTEIN_PRODUCTS', 471.25 , 26.65 , 28.60 , 27.30 , False);
INSERT INTO public.food_food (name, category_id, calories, protein, fat, carbohydrates, allergen) VALUES ('тост с авокадо и мягким сыром', 'WHOLE_GRAIN', 145.00 , 8.20 , 8.80 , 8.40 , True);
INSERT INTO public.food_food (name, category_id, calories, protein, fat, carbohydrates, allergen) VALUES ('салат с запеченными помидорами, брокколи, цветной капустой, сладким перцем', 'VEGETABLES', 108.75 , 6.15 , 6.60 , 6.30 , False);
INSERT INTO public.food_food (name, category_id, calories, protein, fat, carbohydrates, allergen) VALUES ('салат из крабовых палочек и яиц', 'PROTEIN_PRODUCTS', 227.50 , 14.95 , 6.50 , 27.95 , True);
INSERT INTO public.food_food (name, category_id, calories, protein, fat, carbohydrates, allergen) VALUES ('отварной рис', 'WHOLE_GRAIN', 70.00 , 4.60 , 2.00 , 8.60 , False);
INSERT INTO public.food_food (name, category_id, calories, protein, fat, carbohydrates, allergen) VALUES ('салат с помидорами, пекинской капустой, луком, зеленью', 'VEGETABLES', 52.50 , 3.45 , 1.50 , 6.45 , False);
INSERT INTO public.food_food (name, category_id, calories, protein, fat, carbohydrates, allergen) VALUES ('салат из тунца и яиц', 'PROTEIN_PRODUCTS', 240.50 , 21.45 , 5.85 , 24.05 , True);
INSERT INTO public.food_food (name, category_id, calories, protein, fat, carbohydrates, allergen) VALUES ('рис', 'WHOLE_GRAIN', 74.00 , 6.60 , 1.80 , 7.40 , False);
INSERT INTO public.food_food (name, category_id, calories, protein, fat, carbohydrates, allergen) VALUES ('смесь редиса, моркови, огурцов и кинзы', 'VEGETABLES', 55.50 , 4.95 , 1.35 , 5.55 , False);
INSERT INTO public.food_food (name, category_id, calories, protein, fat, carbohydrates, allergen) VALUES ('салат из крабовых палочек с яицами', 'PROTEIN_PRODUCTS', 237.25 , 12.35 , 8.45 , 28.60 , True);
INSERT INTO public.food_food (name, category_id, calories, protein, fat, carbohydrates, allergen) VALUES ('коричневый рис со специями', 'WHOLE_GRAIN', 73.00 , 3.80 , 2.60 , 8.80 , False);
INSERT INTO public.food_food (name, category_id, calories, protein, fat, carbohydrates, allergen) VALUES ('смесь помидоров, капусты и зелени', 'VEGETABLES', 54.75 , 2.85 , 1.95 , 6.60 , False);
INSERT INTO public.food_food (name, category_id, calories, protein, fat, carbohydrates, allergen) VALUES ('лосось со шпинатом', 'PROTEIN_PRODUCTS', 442.00 , 26.65 , 26.00 , 25.35 , False);
INSERT INTO public.food_food (name, category_id, calories, protein, fat, carbohydrates, allergen) VALUES ('паста фуссили', 'WHOLE_GRAIN', 136.00 , 8.20 , 8.00 , 7.80 , True);
INSERT INTO public.food_food (name, category_id, calories, protein, fat, carbohydrates, allergen) VALUES ('салат с помидорами, авокадо, кинзой, огурцами, тыквенными семечками', 'VEGETABLES', 102.00 , 6.15 , 6.00 , 5.85 , False);

INSERT INTO public.food_foodcomment (comment, food_id_id, user_id_id) VALUES ('Очень вкусно и полезно', 1, 1);
INSERT INTO public.food_foodcomment (comment, food_id_id, user_id_id) VALUES ('не вкусно, но полезно', 1, 1);
INSERT INTO public.food_foodcomment (comment, food_id_id, user_id_id) VALUES ('большая порция', 1, 2);
INSERT INTO public.food_foodcomment (comment, food_id_id, user_id_id) VALUES ('Супер', 1, 3);
INSERT INTO public.food_foodcomment (comment, food_id_id, user_id_id) VALUES ('Превосходна', 2, 1);
INSERT INTO public.food_foodcomment (comment, food_id_id, user_id_id) VALUES ('Так себе', 2, 2);
INSERT INTO public.food_foodcomment (comment, food_id_id, user_id_id) VALUES ('Я готовлю это блюдо вкуснее', 2, 3);
INSERT INTO public.food_foodcomment (comment, food_id_id, user_id_id) VALUES ('Не очень вкусно, но красота требует жертв', 3, 1);
INSERT INTO public.food_foodcomment (comment, food_id_id, user_id_id) VALUES ('Повар молодец!', 3, 2);
INSERT INTO public.food_foodcomment (comment, food_id_id, user_id_id) VALUES ('Порции большие, на два приема хватило', 4, 1);
INSERT INTO public.food_foodcomment (comment, food_id_id, user_id_id) VALUES ('Отличный вкус!', 5, 2);
INSERT INTO public.food_foodcomment (comment, food_id_id, user_id_id) VALUES ('Сбалансированное КБЖУ', 6, 3);
INSERT INTO public.food_foodcomment (comment, food_id_id, user_id_id) VALUES ('Продукты свежие, вот-вот приготовленные', 7, 1);
INSERT INTO public.food_foodcomment (comment, food_id_id, user_id_id) VALUES ('хорошее соотношение цена — качество', 8, 2);

INSERT INTO public.food_foodrating (rating, food_id_id, user_id_id) VALUES (5, 1, 1);
INSERT INTO public.food_foodrating (rating, food_id_id, user_id_id) VALUES (5, 1, 2);
INSERT INTO public.food_foodrating (rating, food_id_id, user_id_id) VALUES (4, 1, 3);
INSERT INTO public.food_foodrating (rating, food_id_id, user_id_id) VALUES (3, 1, 4);
INSERT INTO public.food_foodrating (rating, food_id_id, user_id_id) VALUES (4, 2, 1);
INSERT INTO public.food_foodrating (rating, food_id_id, user_id_id) VALUES (3, 2, 2);
INSERT INTO public.food_foodrating (rating, food_id_id, user_id_id) VALUES (5, 2, 3);
INSERT INTO public.food_foodrating (rating, food_id_id, user_id_id) VALUES (5, 3, 1);
INSERT INTO public.food_foodrating (rating, food_id_id, user_id_id) VALUES (4, 3, 2);
INSERT INTO public.food_foodrating (rating, food_id_id, user_id_id) VALUES (2, 4, 1);
INSERT INTO public.food_foodrating (rating, food_id_id, user_id_id) VALUES (1, 5, 2);
INSERT INTO public.food_foodrating (rating, food_id_id, user_id_id) VALUES (3, 6, 3);
INSERT INTO public.food_foodrating (rating, food_id_id, user_id_id) VALUES (4, 7, 1);
INSERT INTO public.food_foodrating (rating, food_id_id, user_id_id) VALUES (5, 8, 2);

COMMIT;